{
  "config": {
    "dataset_path": "/home/nng/koopman_project/data_wang_franka_reach_ablation/dataset_wang_franka_reach_ablation_v2.pt",
    "out_dir": "/home/nng/koopman_project/evaluate/dataset_quality_report",
    "obs_dim": 14,
    "act_dim": 7,
    "eval_latent": false,
    "ckpt_path": "/home/nng/koopman_project/out_align_koopman/src_franka/src_agent.pt",
    "lat_obs_dim": 4,
    "lat_act_dim": 4,
    "hidden_dim": 256,
    "n_layers": 3,
    "sat_threshold": 0.95,
    "seed": 0,
    "device": "cuda:0",
    "pca_points": 10000,
    "hist_bins": 80,
    "raw_hist_dims_show": 14,
    "action_hist_max": 4.0,
    "delta_hist_auto_q99": 0.995,
    "episode_sample_for_diversity": 1000
  },
  "dataset": {
    "dataset_path": "/home/nng/koopman_project/data_wang_franka_reach_ablation/dataset_wang_franka_reach_ablation_v2.pt",
    "num_episodes": 320,
    "episode_len": 200,
    "num_transitions": 64000,
    "obs_dim": 14,
    "act_dim": 7
  },
  "raw_state": {
    "shape": [
      64000,
      14
    ],
    "mean": [
      0.5232427716255188,
      -0.680054783821106,
      -0.4742650091648102,
      -0.8736547827720642,
      -0.67127525806427,
      0.659298837184906,
      0.335933119058609,
      -0.849957287311554,
      0.6838415265083313,
      -0.821721076965332,
      -0.046007223427295685,
      -0.2191091924905777,
      0.08938507735729218,
      -0.6213794946670532
    ],
    "std": [
      0.05288298800587654,
      0.11892616003751755,
      0.18559730052947998,
      0.18115518987178802,
      0.33984407782554626,
      0.43778494000434875,
      0.41748079657554626,
      0.03151177987456322,
      0.23610156774520874,
      0.25573888421058655,
      0.44921836256980896,
      0.6212040781974792,
      0.6047218441963196,
      0.5716240406036377
    ],
    "min": [
      0.3034791350364685,
      -0.9999999403953552,
      -1.0,
      -1.0,
      -1.0,
      -0.5778948664665222,
      -0.9999998807907104,
      -0.9528380632400513,
      -0.6287047863006592,
      -0.9997031688690186,
      -0.7395290732383728,
      -0.992824375629425,
      -1.0,
      -0.9765197038650513
    ],
    "max": [
      0.8348076939582825,
      -0.5260677337646484,
      -0.02436411939561367,
      -0.06859562546014786,
      0.23069368302822113,
      1.0,
      1.0,
      -0.5505416989326477,
      0.8504427075386047,
      0.15405459702014923,
      0.9976445436477661,
      1.0,
      1.0,
      0.9999992847442627
    ]
  },
  "delta_norm": {
    "min": 7.234356189655955e-07,
    "max": 0.7370243668556213,
    "mean": 0.006430765148252249,
    "std": 0.012399282306432724,
    "q01": 6.369462425936945e-06,
    "q05": 2.4876992029021494e-05,
    "q50": 0.005413569509983063,
    "q95": 0.01763010211288929,
    "q99": 0.03482219576835632
  },
  "action_norm": {
    "min": 0.3516022562980652,
    "max": 3.9686269760131836,
    "mean": 3.7849817276000977,
    "std": 0.4775680899620056,
    "q01": 1.1012940406799316,
    "q05": 2.90738582611084,
    "q50": 3.9667797088623047,
    "q95": 3.9686269760131836,
    "q99": 3.9686269760131836
  },
  "state_cov": {
    "eigvals": [
      0.7361973524093628,
      0.3610374331474304,
      0.3122852146625519,
      0.19650864601135254,
      0.14511772990226746,
      0.12381571531295776,
      0.04116395115852356,
      0.03338092193007469,
      0.016269538551568985,
      0.010551025159657001,
      0.0014865291304886341,
      0.00033006048761308193,
      0.000122828409075737,
      1.3553651569964131e-06
    ],
    "explained_ratio": [
      0.37214231491088867,
      0.18250176310539246,
      0.15785786509513855,
      0.09933366626501083,
      0.07335594296455383,
      0.0625879317522049,
      0.02080807276070118,
      0.016873810440301895,
      0.008224131539463997,
      0.005333465524017811,
      0.000751429470255971,
      0.00016684313595760614,
      6.208885315572843e-05,
      6.851270768493123e-07
    ],
    "effective_rank_eps_ratio_1e3": 11,
    "participation_ratio": 4.6147637367248535
  },
  "episode_diversity": {
    "num_sampled_episodes": 320,
    "dist_to_centroid": {
      "min": 0.650364875793457,
      "max": 2.5014584064483643,
      "mean": 1.2858797311782837,
      "std": 0.4904557764530182,
      "q01": 0.6808251142501831,
      "q05": 0.708530843257904,
      "q50": 1.1967394351959229,
      "q95": 2.300593614578247,
      "q99": 2.4488909244537354
    },
    "nearest_ref_dist": {
      "min": 0.0,
      "max": 1.5058614015579224,
      "mean": 0.1420799195766449,
      "std": 0.24248163402080536,
      "q01": 0.0,
      "q05": 0.0,
      "q50": 0.003235536627471447,
      "q95": 0.6696206331253052,
      "q99": 1.1037437915802002
    },