{
  "config": {
    "franka_dataset": "/home/nng/koopman_project/data_wang_franka_reach_ablation/dataset_wang_franka_reach_ablation_v2.pt",
    "ur_dataset": "/home/nng/koopman_project/data_wang_ur_reach_ablation/dataset_wang_ur_reach_ablation.pt",
    "src_ckpt": "/home/nng/koopman_project/out_align_koopman_3/src_franka/src_agent.pt",
    "tgt_ckpt": "/home/nng/koopman_project/out_align_koopman_3/tgt_ur/tgt_agent.pt",
    "stage2_bundle": "/home/nng/koopman_project/out_align_koopman_3/tgt_ur/stage2_bundle.pt",
    "koopman_ckpt": "/home/nng/koopman_project/out_align_koopman_3/koopman_fit/aligned_latent_and_koopman.pt",
    "out_dir": "/home/nng/koopman_project/evaluate/compare_franka_ur_alignment_report",
    "franka_obs_dim": 14,
    "franka_act_dim": 7,
    "ur_obs_dim": 12,
    "ur_act_dim": 6,
    "lat_obs_dim": 8,
    "lat_act_dim": 8,
    "hidden_dim": 256,
    "n_layers": 3,
    "seed": 0,
    "device": "cuda:0",
    "pca_points": 10000,
    "latent_points": 10000,
    "hist_bins": 80,
    "raw_hist_dims_show": 8,
    "sat_threshold": 0.95,
    "episode_len": 200,
    "rollout_horizon": 50,
    "encode_bs": 4096
  },
  "raw": {
    "franka": {
      "num_transitions": 2048000,
      "state_stats": {
        "shape": [
          2048000,
          14
        ],
        "mean": [
          0.5026538372039795,
          -0.7209232449531555,
          -0.4926930069923401,
          -0.7870027422904968,
          -0.54068922996521,
          0.18914659321308136,
          0.22058287262916565,
          -0.8625335097312927,
          0.618492066860199,
          -0.7660664916038513,
          -0.19446107745170593,
          -0.33733540773391724,
          0.08959904313087463,
          -0.6670702695846558
        ],
        "std": [
          0.05027835816144943,
          0.13554055988788605,
          0.23601026833057404,
          0.20370127260684967,
          0.3862015902996063,
          0.5167847871780396,
          0.2917124032974243,
          0.02910829521715641,
          0.2817198634147644,
          0.3386669158935547,
          0.5489238500595093,
          0.6668646931648254,
          0.8301382660865784,
          0.6490491032600403
        ],
        "min": [
          0.23294389247894287,
          -1.0,
          -1.0,
          -1.0,
          -1.0,
          -0.5972091555595398,
          -1.0,
          -0.9724901914596558,
          -0.1673247516155243,
          -0.9830242991447449,
          -0.8243613243103027,
          -0.9999123811721802,
          -1.0,
          -0.9968929886817932
        ],
        "max": [
          0.6886690855026245,
          -0.5161706805229187,
          -0.1834753304719925,
          -0.06127941608428955,
          0.6480727195739746,
          1.0,
          1.0,
          -0.7250758409500122,
          0.8564857840538025,
          0.16531482338905334,
          0.9981206655502319,
          0.9999998807907104,
          1.0,
          1.0
        ]
      },
      "delta_norm": {
        "min": 2.308478030954575e-07,
        "max": 0.8791583180427551,
        "mean": 0.004881863947957754,
        "std": 0.008285240270197392,
        "q01": 2.6286088541382924e-06,
        "q05": 5.987888016534271e-06,
        "q50": 0.00026134567451663315,
        "q95": 0.023839903995394707,
        "q99": 0.033232372254133224
      },
      "action_norm": {
        "min": 0.3258543014526367,
        "max": 3.9686269760131836,
        "mean": 3.7922587394714355,
        "std": 0.4903936982154846,
        "q01": 1.1012940406799316,
        "q05": 2.8317322731018066,
        "q50": 3.968519449234009,
        "q95": 3.9686269760131836,
        "q99": 3.9686269760131836
      },
      "state_cov": {
        "eigvals": [
          1.216219186782837,
          0.49491584300994873,
          0.3467068374156952,
          0.26014629006385803,
          0.18860146403312683,
          0.07477932423353195,
          0.05202397331595421,
          0.016225270926952362,
          0.007999761030077934,
          0.0032926916610449553,
          0.000508708122652024,
          0.00027475733077153563,
          4.784156772075221e-05,
          8.68923734742566e-07
        ],
        "explained_ratio": [
          0.4569258689880371,
          0.18593674898147583,
          0.1302555650472641,
          0.09773531556129456,
          0.07085637748241425,
          0.02809412032365799,
          0.01954507827758789,
          0.006095731630921364,
          0.0030054596718400717,
          0.0012370434124022722,
          0.0001911184226628393,
          0.0001032245927490294,
          1.797377444745507e-05,
          3.2644916814206226e-07
        ],
        "effective_rank_eps_ratio_1e3": 10,
        "participation_ratio": 3.6217172145843506
      }
    },
    "ur": {
      "num_transitions": 1984000,
      "state_stats": {
        "shape": [
          1984000,
          12
        ],
        "mean": [
          -0.16266533732414246,
          0.04617983102798462,
          -0.08025186508893967,
          0.22469693422317505,
          -0.16013047099113464,
          -0.060860391706228256,
          0.9820411801338196,
          0.9460581541061401,
          0.7262879014015198,
          0.004469355568289757,
          -0.32277002930641174,
          0.041687753051519394
        ],
        "std": [
          0.09330268949270248,
          0.32011938095092773,
          0.6761342883110046,
          0.7015230059623718,
          0.7312265038490295,
          0.7042794227600098,
          0.02073528617620468,
          0.019106028601527214,
          0.09438273310661316,
          0.6762819290161133,
          0.5792115330696106,
          0.7060801386833191
        ],
        "min": [
          -0.380601704120636,
          -0.3798949718475342,
          -0.7952609062194824,
          -1.0,
          -1.0,
          -1.0,
          0.9247390627861023,
          0.9233947396278381,
          0.6062673330307007,
          -1.0,
          -1.0,
          -1.0
        ],
        "max": [
          -0.00032379094045609236,
          0.3838517665863037,
          0.7773545384407043,
          1.0,
          1.0,
          1.0,
          0.9999999403953552,
          1.0,
          1.0,
          1.0,
          1.0,
          1.0
        ]
      },
      "delta_norm": {
        "min": 0.00019539002096280456,
        "max": 0.011794921942055225,
        "mean": 0.0037112869322299957,
        "std": 0.0007878140895627439,
        "q01": 0.0020962751004844904,
        "q05": 0.00254124216735363,
        "q50": 0.0036782724782824516,
        "q95": 0.004971597343683243,
        "q99": 0.0065693664364516735
      },
      "action_norm": {
        "min": 0.08729410171508789,
        "max": 2.449489116668701,
        "mean": 2.159183979034424,
        "std": 0.2378177046775818,
        "q01": 1.4357409477233887,
        "q05": 1.7370848655700684,
        "q50": 2.2362821102142334,
        "q95": 2.447317361831665,
        "q99": 2.449489116668701
      },
      "state_cov": {
        "eigvals": [
          0.6510149836540222,
          0.5439404845237732,
          0.4991376996040344,
          0.4978008270263672,
          0.4749838709831238,
          0.41425397992134094,
          0.29550182819366455,
          0.008734660223126411,
          0.0048456923104822636,
          0.0008450821042060852,
          3.746548100025393e-05,
          1.1436661225161515e-05
        ],
        "explained_ratio": [
          0.19197706878185272,
          0.16040198504924774,
          0.1471901535987854,
          0.14679591357707977,
          0.140067458152771,
          0.12215888500213623,
          0.08714019507169724,
          0.002575753955170512,
          0.0014289406826719642,
          0.00024920530267991126,
          1.1048153282899875e-05,
          3.3725441426213365e-06
        ],
        "effective_rank_eps_ratio_1e3": 10,
        "participation_ratio": 6.759414196014404
      }
    }
  },